"id","respondentId","researcherId","completed","completedAt","createdAt"
"cmoecyp9p0035f1jcqgbsajyi","cmoecyoy2001qf1jco9nw7ogf","cmoecyor70000f1jcpbwk2ze5",true,"2024-01-17T14:32:52.758Z","2026-04-25T13:11:27.085Z"
"cmoecypbe0040f1jck1leigec","cmoecyoy9001rf1jcknettfqa","cmoecyor70000f1jcpbwk2ze5",true,"2024-01-20T16:22:27.990Z","2026-04-25T13:11:27.146Z"
"cmoecypc5004vf1jcwvgj9ae2","cmoecyoyf001sf1jczotnnqda","cmoecyor70000f1jcpbwk2ze5",true,"2024-01-09T05:36:11.769Z","2026-04-25T13:11:27.173Z"
"cmoecypcx005qf1jcl2sxcfxa","cmoecyoza001tf1jc9g8k63w4","cmoecyor70000f1jcpbwk2ze5",true,"2024-01-04T06:43:14.112Z","2026-04-25T13:11:27.202Z"
"cmoecypdk006lf1jctenz0mlk","cmoecyozj001uf1jcgappmvlx","cmoecyor70000f1jcpbwk2ze5",true,"2024-01-16T18:47:02.335Z","2026-04-25T13:11:27.224Z"
"cmoecype6007gf1jcidsm4sjl","cmoecyozu001vf1jc9ka5qqsn","cmoecyor70000f1jcpbwk2ze5",true,"2024-01-22T12:49:57.634Z","2026-04-25T13:11:27.246Z"
"cmoecypep008bf1jcluon3xli","cmoecyp02001wf1jckejn3z3s","cmoecyor70000f1jcpbwk2ze5",true,"2024-01-02T13:00:35.806Z","2026-04-25T13:11:27.265Z"
"cmoecypf90096f1jc18piugfj","cmoecyp0a001xf1jcjwq8bgie","cmoecyor70000f1jcpbwk2ze5",true,"2024-01-19T08:14:53.611Z","2026-04-25T13:11:27.285Z"
"cmoecypfs00a1f1jc5fodh827","cmoecyp0g001yf1jcph9tymxo","cmoecyor70000f1jcpbwk2ze5",true,"2024-01-04T15:05:43.523Z","2026-04-25T13:11:27.304Z"
"cmoecypg900awf1jci1uxsv4o","cmoecyp0m001zf1jczkyxyqg7","cmoecyor70000f1jcpbwk2ze5",true,"2024-01-18T16:14:21.381Z","2026-04-25T13:11:27.321Z"
"cmoecypgu00brf1jcmejjn5g7","cmoecyp0s0020f1jc9l514g8z","cmoecyor70000f1jcpbwk2ze5",true,"2024-01-18T17:48:40.996Z","2026-04-25T13:11:27.343Z"
"cmoecyphe00cmf1jc1qbn1fei","cmoecyp0z0021f1jcr7w50q2x","cmoecyor70000f1jcpbwk2ze5",true,"2024-01-24T22:39:25.208Z","2026-04-25T13:11:27.363Z"
"cmoecyphy00dhf1jcdxwpc9e8","cmoecyp150022f1jcw5on62w0","cmoecyor70000f1jcpbwk2ze5",true,"2024-01-15T07:32:06.851Z","2026-04-25T13:11:27.382Z"
"cmoecypil00ecf1jcih9u2v02","cmoecyp1e0023f1jck395w3ir","cmoecyor70000f1jcpbwk2ze5",true,"2024-01-03T17:25:45.983Z","2026-04-25T13:11:27.406Z"
"cmoecypja00f7f1jcgz1eycjw","cmoecyp1n0024f1jceiwoldld","cmoecyor70000f1jcpbwk2ze5",true,"2024-01-16T21:07:18.496Z","2026-04-25T13:11:27.430Z"
"cmoecypjv00g2f1jcvhk11rzn","cmoecyp1v0025f1jc9vrq5qb6","cmoecyor70000f1jcpbwk2ze5",true,"2024-01-14T15:08:15.950Z","2026-04-25T13:11:27.452Z"
"cmoecypki00gxf1jcopq675re","cmoecyp230026f1jcf207yxyr","cmoecyor70000f1jcpbwk2ze5",true,"2024-01-27T17:20:58.198Z","2026-04-25T13:11:27.475Z"
"cmoecypl500hsf1jc458nlgl1","cmoecyp2a0027f1jcf464kdaa","cmoecyor70000f1jcpbwk2ze5",true,"2024-01-15T18:11:22.081Z","2026-04-25T13:11:27.497Z"
"cmoecyplo00inf1jcp8tx149k","cmoecyp2j0028f1jcm70s38ib","cmoecyor70000f1jcpbwk2ze5",true,"2024-01-15T03:40:55.714Z","2026-04-25T13:11:27.516Z"
"cmoecypm600jif1jc2140yo9v","cmoecyp2p0029f1jcqkv43jlk","cmoecyor70000f1jcpbwk2ze5",true,"2024-01-02T09:40:38.568Z","2026-04-25T13:11:27.534Z"
"cmoecypmr00kdf1jcjnw7ooum","cmoecyp2y002af1jc79lbmh75","cmoecyor70000f1jcpbwk2ze5",true,"2024-01-11T22:52:16.094Z","2026-04-25T13:11:27.555Z"
"cmoecypnc00l8f1jc4fmr6fbb","cmoecyp35002bf1jc10ds5k36","cmoecyor70000f1jcpbwk2ze5",true,"2024-01-18T10:25:36.863Z","2026-04-25T13:11:27.577Z"
"cmoecypo000m3f1jc1dqzi0en","cmoecyp3d002cf1jcd58cm0f5","cmoecyor70000f1jcpbwk2ze5",true,"2024-01-06T20:25:42.402Z","2026-04-25T13:11:27.599Z"
"cmoecypok00myf1jcfnbm84if","cmoecyp3l002df1jcumhnuj9r","cmoecyor70000f1jcpbwk2ze5",true,"2024-01-06T17:37:05.347Z","2026-04-25T13:11:27.621Z"
"cmoecypp300ntf1jc4ix1aau4","cmoecyp3s002ef1jc0yjvojh4","cmoecyor70000f1jcpbwk2ze5",true,"2024-01-18T10:48:56.061Z","2026-04-25T13:11:27.639Z"
"cmoecyppn00oof1jcf3wxd5wr","cmoecyp3z002ff1jc6a8caq79","cmoecyor70000f1jcpbwk2ze5",true,"2024-01-25T00:22:59.833Z","2026-04-25T13:11:27.659Z"
"cmoecypq800pjf1jcjrpczwwm","cmoecyp45002gf1jcqm2ry89j","cmoecyor70000f1jcpbwk2ze5",true,"2024-01-27T14:42:49.712Z","2026-04-25T13:11:27.680Z"
"cmoecypqq00qef1jcs0gyjr1c","cmoecyp4c002hf1jcaeey4ke1","cmoecyor70000f1jcpbwk2ze5",true,"2024-01-11T19:44:39.833Z","2026-04-25T13:11:27.698Z"
"cmoecypr800r9f1jc2buexocz","cmoecyp4i002if1jct7kak660","cmoecyor70000f1jcpbwk2ze5",true,"2024-01-01T06:36:19.589Z","2026-04-25T13:11:27.716Z"
"cmoecyprt00s4f1jcopzpf5hc","cmoecyp4o002jf1jcxjjrhduz","cmoecyor70000f1jcpbwk2ze5",true,"2024-01-03T23:29:23.410Z","2026-04-25T13:11:27.738Z"
"cmoecypsb00szf1jcff8w0a9z","cmoecyp4v002kf1jc2m6viy4f","cmoecyor70000f1jcpbwk2ze5",true,"2024-01-01T01:17:36.658Z","2026-04-25T13:11:27.756Z"
"cmoecypt000tuf1jczje10lkd","cmoecyp53002lf1jcww0kqv2j","cmoecyor70000f1jcpbwk2ze5",true,"2024-01-05T09:42:48.171Z","2026-04-25T13:11:27.780Z"
"cmoecyptj00upf1jc7df8v3mc","cmoecyp5c002mf1jcuiw7y68c","cmoecyor70000f1jcpbwk2ze5",true,"2024-01-13T09:06:10.192Z","2026-04-25T13:11:27.799Z"
"cmoecypu200vkf1jclin7e12a","cmoecyp5j002nf1jcycz3vvdc","cmoecyor70000f1jcpbwk2ze5",true,"2024-01-07T13:27:31.599Z","2026-04-25T13:11:27.818Z"
"cmoecypun00wff1jcly4pcze9","cmoecyp5r002of1jc8niwgxa6","cmoecyor70000f1jcpbwk2ze5",true,"2024-01-24T17:10:43.341Z","2026-04-25T13:11:27.839Z"
"cmoecypv800xaf1jcfveng794","cmoecyp5x002pf1jcq104l84u","cmoecyor70000f1jcpbwk2ze5",true,"2024-01-08T02:01:55.409Z","2026-04-25T13:11:27.860Z"
"cmoecypx300y5f1jc8y5juqhj","cmoecyp63002qf1jcdhrpu3w5","cmoecyor70000f1jcpbwk2ze5",true,"2024-01-01T22:19:07.472Z","2026-04-25T13:11:27.928Z"
"cmoecypxw00z0f1jcnb36yqtz","cmoecyp6b002rf1jcx57i2mlu","cmoecyor70000f1jcpbwk2ze5",true,"2024-01-25T04:46:58.120Z","2026-04-25T13:11:27.956Z"
"cmoecypyg00zvf1jcmrnx3p1d","cmoecyp6h002sf1jcosp6e1mz","cmoecyor70000f1jcpbwk2ze5",true,"2024-01-21T10:24:29.591Z","2026-04-25T13:11:27.977Z"
"cmoecypz2010qf1jcm83o5fgi","cmoecyp6o002tf1jcd7uttd0j","cmoecyor70000f1jcpbwk2ze5",true,"2024-01-09T20:34:45.730Z","2026-04-25T13:11:27.998Z"
"cmoecypzn011lf1jc2ig6kn8z","cmoecyp6w002uf1jcpvup2xkc","cmoecyor70000f1jcpbwk2ze5",true,"2024-01-28T10:40:44.961Z","2026-04-25T13:11:28.019Z"
"cmoecyq0a012gf1jc1gcg34e2","cmoecyp73002vf1jc86qo0vuk","cmoecyor70000f1jcpbwk2ze5",true,"2024-01-21T12:37:30.802Z","2026-04-25T13:11:28.042Z"
"cmoecyq0v013bf1jczuojvjyh","cmoecyp7a002wf1jcuhxqkmr1","cmoecyor70000f1jcpbwk2ze5",true,"2024-01-26T10:11:33.040Z","2026-04-25T13:11:28.063Z"
"cmoecyq1i0146f1jckd4y68xx","cmoecyp7h002xf1jc54oizh8e","cmoecyor70000f1jcpbwk2ze5",true,"2024-01-16T08:08:19.697Z","2026-04-25T13:11:28.086Z"
"cmoecyq260151f1jc4sclml1z","cmoecyp7p002yf1jcyr275164","cmoecyor70000f1jcpbwk2ze5",true,"2024-01-08T13:07:35.207Z","2026-04-25T13:11:28.110Z"
"cmoecyq2r015wf1jc9b5d9mol","cmoecyp7v002zf1jcv78m55qt","cmoecyor70000f1jcpbwk2ze5",true,"2024-01-08T00:15:04.889Z","2026-04-25T13:11:28.131Z"
"cmoecyq3e016rf1jcmj1fami4","cmoecyp830030f1jc6uxo76ql","cmoecyor70000f1jcpbwk2ze5",true,"2024-01-09T14:02:06.241Z","2026-04-25T13:11:28.154Z"
"cmoecyq3y017mf1jcosxkpvgz","cmoecyp890031f1jcpdyth7we","cmoecyor70000f1jcpbwk2ze5",true,"2024-01-16T12:15:28.623Z","2026-04-25T13:11:28.174Z"
"cmoecyq4i018hf1jcfthdxypt","cmoecyp8e0032f1jcstfiiw5j","cmoecyor70000f1jcpbwk2ze5",true,"2024-01-19T12:50:26.371Z","2026-04-25T13:11:28.195Z"
"cmoecyq52019cf1jceflum5sw","cmoecyp8n0033f1jccm2i3vh8","cmoecyor70000f1jcpbwk2ze5",true,"2024-01-08T18:10:25.950Z","2026-04-25T13:11:28.214Z"